user_input,output,flag,username,timestamp
How can I get more involved in the Tableau community?,"There are a few ways to get more involved in the Tableau community:

1. Join the Tableau Community: The Tableau Community is a great place to get started with Tableau. You can access it through the Tableau website, sign up for weekly newsletters, and participate in forums to ask and answer questions.

2. Attend Tableau User Groups: Tableau User Groups are local networking events that provide an opportunity to meet other Tableau users in your area. These groups host events to share tips and tricks, showcase user projects, and promote collaboration.

3. Participate in Tableau Public: Tableau Public is a great way to share your Tableau work with others. You can publish your dashboards and visualizations to Tableau Public and connect with other community members. You can also find inspiration by exploring amazing work created by others in the Tableau Public Gallery.

4. Attend Tableau conferences: Tableau hosts multiple conferences throughout the year, which are great opportunities to meet other Tableau users and enthusiasts. At these events, you can attend sessions and workshops, network with your peers, and learn new techniques from experts in the field.

I hope these ideas help you get started with getting more involved in the Tableau community!",,,2023-04-30 20:32:06.220105
